,Chronic_pain,Total_n,Percent_c.pain,Chronic_disease,Percent_c.disease
A/B,4,26,15.38461538,2,7.692307692
C,23,77,29.87012987,15,19.48051948
C+,10,48,20.83333333,9,18.75
C-,19,85,22.35294118,9,10.58823529
D,16,51,31.37254902,9,17.64705882
D-/E,9,49,18.36734694,8,16.32653061
E,5,10,50,0,0